year,averagemwh,rainfall_amount,daily_global_solar_exposure,minimum_temperature,maximum_temperature
2015,12.18499016862624,1560.2,15.960821917808218,15.655068493150686,21.177808219178083
2016,16.4636056692217,1165.0,16.753005464480875,16.155494505494506,21.809016393442622
2017,17.755009414777934,1051.3,16.43598901098901,15.896986301369862,21.65890410958904
2018,17.556191626602565,936.6,16.792328767123287,15.740109890109888,21.240934065934066
2019,18.19923847098214,973.2,17.14027397260274,15.739275766016712,21.795277777777777
2020,20.080813962614158,1410.5,15.844535519125683,15.87622950819672,21.443169398907102
2021,20.188957865999498,1295.0,15.941917808219179,15.349863013698629,20.905205479452054
2022,19.625607329175086,2600.4,15.882417582417581,15.646027397260275,20.840384615384615
2023,20.326697764290632,959.9,17.038630136986303,15.935342465753424,21.707458563535912
