year,averagemwh,rainfall_amount,daily_global_solar_exposure,minimum_temperature,maximum_temperature
2015,9.270341193709378,1302.4,15.447945205479453,13.122816901408452,21.689999999999998
2016,9.367022947456261,1194.6,16.416666666666668,13.817464788732394,22.623595505617978
2017,9.726275810888582,1054.8,15.701373626373627,13.6,22.4675
2018,9.47716105505121,901.6,16.095068493150684,13.334986225895317,22.19228650137741
2019,10.146673670937211,910.0,16.708219178082192,13.501966292134831,22.70193370165746
2020,9.391780481552606,1769.3,14.958469945355192,13.432670454545455,21.66394366197183
2021,8.867899171483622,1237.1,15.304383561643837,12.726923076923079,21.142191780821918
2022,9.26605778111423,2180.8,15.27032967032967,13.057534246575342,20.76630136986301
2023,9.11515268882002,998.6,16.539178082191782,13.397808219178081,22.39807692307692
