year,averagemwh,rainfall_amount,daily_global_solar_exposure,minimum_temperature,maximum_temperature
2015,15.440792224556489,976.6,15.668493150684931,12.435890410958905,23.846153846153847
2016,16.889703299768517,1047.4,16.312021857923497,12.81043956043956,24.84109589041096
2017,16.89652609547652,759.6,16.06401098901099,12.63213296398892,24.693628808864265
2018,16.500510807146185,575.5,16.484615384615385,12.281267217630855,24.874931129476586
2019,16.326585218144043,649.1,17.02191780821918,12.533608815426996,25.231564245810056
2020,15.39707702106611,1215.4,15.371584699453551,12.857377049180329,23.884972677595627
2021,15.745796794617048,1084.1,15.695342465753425,12.007671232876714,23.324931506849317
2022,14.404696470316324,2405.6,15.497527472527473,12.696164383561644,22.7441095890411
2023,14.552977003271346,836.9,16.58958904109589,12.318630136986302,24.604109589041094
