year,averagemwh,rainfall_amount,daily_global_solar_exposure,minimum_temperature,maximum_temperature
2015,17.22246158224588,931.2,15.70027397260274,12.435890410958905,23.846153846153847
2016,17.929689163527396,973.8,16.42950819672131,12.81043956043956,24.84109589041096
2017,21.121958761733058,641.6,16.161263736263734,12.63213296398892,24.693628808864265
2018,20.142204969951923,678.6,16.624657534246577,12.281267217630855,24.874931129476586
2019,21.46362893372253,601.8,17.064383561643837,12.533608815426996,25.231564245810056
2020,21.165680764554796,1111.2,15.46174863387978,12.857377049180329,23.884972677595627
2021,21.83964760905847,944.8,15.799452054794521,12.007671232876714,23.324931506849317
2022,19.08436638612887,2038.4,15.64065934065934,12.696164383561644,22.7441095890411
2023,20.295014363808537,740.8,16.616164383561642,12.318630136986302,24.604109589041094
