year,averagemwh,rainfall_amount,daily_global_solar_exposure,minimum_temperature,maximum_temperature
2015,23.085395330540038,1214.2,15.663013698630136,12.05041095890411,22.6413698630137
2016,24.748088623842595,1275.3,16.459016393442624,12.827222222222222,23.90826446280992
2017,24.56713856663223,945.7,16.103846153846153,12.775068493150684,23.84435261707989
2018,24.23774512860801,795.4,16.359178082191782,12.360821917808218,23.630769230769232
2019,24.57153402873961,736.6,16.865479452054792,12.408219178082192,24.029945054945053
2020,23.691478880935758,1258.3,15.301092896174863,12.537978142076502,23.143835616438356
2021,22.693529831199797,1148.1,15.503561643835617,11.797513812154696,22.493074792243767
2022,22.843919430627317,2139.2,15.450824175824177,12.377534246575342,22.23068493150685
2023,23.68313817027699,959.2,16.596438356164384,12.116438356164384,23.667857142857144
