year,averagemwh,rainfall_amount,daily_global_solar_exposure,minimum_temperature,maximum_temperature
2015,11.955185167696888,1350.7,15.958356164383563,15.326849315068493,22.38732782369146
2016,12.166470819634702,1034.2,16.886612021857925,15.660335195530726,22.919166666666666
2017,13.335587003777473,910.0,16.5010989010989,15.535068493150685,22.88236914600551
2018,13.372031998912547,1062.5,16.9172602739726,15.365753424657534,22.426446280991737
2019,13.097919156936811,906.7,17.51813186813187,15.499173553719007,23.14848484848485
2020,12.408623345034247,1267.0,15.634615384615385,15.418579234972677,22.312912087912085
2021,12.010295949233061,1251.8,15.763287671232877,14.768055555555556,21.89467787114846
2022,11.876920630732208,1490.5,16.092561983471075,15.06868131868132,21.554794520547944
2023,11.777519403277932,988.4,17.624931506849315,15.324931506849316,22.81625344352617
