year,averagemwh,rainfall_amount,daily_global_solar_exposure,minimum_temperature,maximum_temperature
2015,23.915681827704272,1305.6,15.644383561643835,12.531955922865015,23.46906077348066
2016,24.92553709664352,1192.0,16.428688524590164,13.114325068870523,24.38986301369863
2017,25.562766153890422,949.4,16.070604395604395,12.40876712328767,24.43856749311295
2018,25.380874067737434,909.2,16.39205479452055,12.256868131868131,24.52375690607735
2019,25.0060814340951,777.8,16.872876712328768,12.430886850152906,25.172809667673718
2020,23.320325296787708,1311.0,15.283060109289618,12.514246575342465,23.59672131147541
2021,21.427267446196197,1183.3999999999999,15.493424657534247,11.604545454545455,22.975890410958907
2022,22.283823422173906,2068.8,15.457142857142856,12.546685082872926,22.576648351648352
2023,22.273784761358286,1016.0,16.51698630136986,12.950410958904108,24.239178082191778
