year,averagemwh,rainfall_amount,daily_global_solar_exposure,minimum_temperature,maximum_temperature
2015,13.071513105486684,1360.0,15.642191780821916,13.122816901408452,21.689999999999998
2016,14.348937671518264,1474.0,16.526502732240438,13.817464788732394,22.623595505617978
2017,14.271098245764652,930.0,16.08681318681319,13.6,22.4675
2018,13.92280793841575,946.0,16.423013698630136,13.334986225895317,22.19228650137741
2019,14.001986826923078,981.0,16.843835616438355,13.501966292134831,22.70193370165746
2020,13.493844480593609,1402.0,15.46109589041096,13.432670454545455,21.66394366197183
2021,13.503606518640353,1001.0,15.61098901098901,12.726923076923079,21.142191780821918
2022,12.507508386823597,1934.0,15.644505494505495,13.057534246575342,20.76630136986301
2023,12.323271360462456,792.0,16.771780821917808,13.397808219178081,22.39807692307692
