year,averagemwh,rainfall_amount,daily_global_solar_exposure,minimum_temperature,maximum_temperature
2015,29.2582436632428,1360.0,15.492328767123286,15.655068493150686,21.177808219178083
2016,28.079952775379837,1474.0,16.442349726775955,16.155494505494506,21.809016393442622
2017,30.147621174320907,930.0,15.997252747252746,15.896986301369862,21.65890410958904
2018,26.828752574487897,946.0,16.254246575342467,15.740109890109888,21.240934065934066
2019,26.37649780874885,981.0,16.80958904109589,15.739275766016712,21.795277777777777
2020,22.511449349976722,1402.0,15.221311475409836,15.87622950819672,21.443169398907102
2021,20.660967416606454,1001.0,15.407397260273973,15.349863013698629,20.905205479452054
2022,25.60520386444368,1934.0,15.482692307692307,15.646027397260275,20.840384615384615
2023,24.295239184458218,792.0,16.61013698630137,15.935342465753424,21.707458563535912
