year,averagemwh,rainfall_amount,daily_global_solar_exposure,minimum_temperature,maximum_temperature
2015,14.009622295684114,1044.6,16.67095890410959,15.326849315068493,22.38732782369146
2016,13.745159617865298,1095.4,17.32185792349727,15.660335195530726,22.919166666666666
2017,14.607925222069598,970.0,16.673901098901098,15.535068493150685,22.88236914600551
2018,13.379571031078298,968.0,17.106849315068494,15.365753424657534,22.426446280991737
2019,12.368110303914836,680.0,17.632876712328766,15.499173553719007,23.14848484848485
2020,11.645719450913242,973.2,15.953296703296703,15.418579234972677,22.312912087912085
2021,12.0711337494229,759.4,15.970958904109589,14.768055555555556,21.89467787114846
2022,12.44722422493675,1206.6,16.39559228650138,15.06868131868132,21.554794520547944
2023,11.774265840981935,802.2,17.823013698630135,15.324931506849316,22.81625344352617
