year,averagemwh,rainfall_amount,daily_global_solar_exposure,minimum_temperature,maximum_temperature
2015,34.88025899237663,1305.6,15.644383561643835,12.05041095890411,22.6413698630137
2016,35.59796632329178,1192.0,16.428688524590164,12.827222222222222,23.90826446280992
2017,39.46315421543167,949.4,16.070604395604395,12.775068493150684,23.84435261707989
2018,40.12340627647812,909.2,16.39205479452055,12.360821917808218,23.630769230769232
2019,38.72566829437904,777.8,16.872876712328768,12.408219178082192,24.029945054945053
2020,35.74541456670168,1311.0,15.283060109289618,12.537978142076502,23.143835616438356
2021,34.42769005599711,1183.3999999999999,15.493424657534247,11.797513812154696,22.493074792243767
2022,33.34316082336954,2068.8,15.457142857142856,12.377534246575342,22.23068493150685
2023,32.704389404556935,1016.0,16.51698630136986,12.116438356164384,23.667857142857144
