year,averagemwh,rainfall_amount,daily_global_solar_exposure,minimum_temperature,maximum_temperature
2015,4.457983617216117,1456.6,15.958356164383563,11.548895027624308,23.645856353591157
2016,4.581535761700914,1214.6000000000001,16.886612021857925,11.621643835616437,24.558082191780823
2017,4.920386257747935,1076.4,16.5010989010989,11.75068870523416,24.47768595041322
2018,4.3701428331043966,1007.8,16.9172602739726,11.269060773480664,24.19807162534435
2019,4.183839942765568,901.6,17.51813186813187,11.327222222222222,24.747222222222224
2020,3.935579238869863,1530.0,15.634615384615385,11.897808219178081,23.625136612021855
2021,4.099681029361263,1200.2,15.763287671232877,10.940883977900553,23.104166666666668
2022,4.086979261094734,1716.8,16.092561983471075,11.622625698324022,22.725210084033613
2023,4.071018552920129,1063.8,17.624931506849315,10.998630136986302,24.37912087912088
