year,averagemwh,rainfall_amount,daily_global_solar_exposure,minimum_temperature,maximum_temperature
2015,21.053020432714753,931.2,15.600273972602741,12.435890410958905,23.846153846153847
2016,21.222642306423612,973.8,16.357650273224042,12.81043956043956,24.84109589041096
2017,21.080104258207072,641.6,16.13434065934066,12.63213296398892,24.693628808864265
2018,21.627865241304857,678.6,16.574520547945205,12.281267217630855,24.874931129476586
2019,22.645063548014775,601.8,17.025753424657534,12.533608815426996,25.231564245810056
2020,21.796414705249067,1111.2,15.36448087431694,12.857377049180329,23.884972677595627
2021,21.735754701950867,944.8,15.70794520547945,12.007671232876714,23.324931506849317
2022,19.463902328544666,2038.4,15.58434065934066,12.696164383561644,22.7441095890411
2023,20.804903327594122,740.8,16.626575342465753,12.318630136986302,24.604109589041094
