year,averagemwh,rainfall_amount,daily_global_solar_exposure,minimum_temperature,maximum_temperature
2015,33.48328686741363,1305.6,15.620273972602739,12.531955922865015,23.46906077348066
2016,35.17328747048611,1192.0,16.512841530054644,13.114325068870523,24.38986301369863
2017,35.31520296644798,949.4,16.15934065934066,12.40876712328767,24.43856749311295
2018,35.049253376978584,909.2,16.50986301369863,12.256868131868131,24.52375690607735
2019,34.09990154576408,777.8,17.024657534246575,12.430886850152906,25.172809667673718
2020,31.271881362604752,1311.0,15.367759562841531,12.514246575342465,23.59672131147541
2021,30.978811958092486,1183.3999999999999,15.565479452054793,11.604545454545455,22.975890410958907
2022,30.062915004679777,2068.8,15.611263736263735,12.546685082872926,22.576648351648352
2023,31.01243614439853,1016.0,16.651780821917807,12.950410958904108,24.239178082191778
