year,averagemwh,rainfall_amount,daily_global_solar_exposure,minimum_temperature,maximum_temperature
2015,18.725409401115023,931.2,15.554794520547945,12.435890410958905,23.846153846153847
2016,19.135106889548418,973.8,16.42295081967213,12.81043956043956,24.84109589041096
2017,21.10499706284626,641.6,16.059615384615384,12.63213296398892,24.693628808864265
2018,21.178720225209496,678.6,16.49808219178082,12.281267217630855,24.874931129476586
2019,22.359261538931566,601.8,17.012328767123286,12.533608815426996,25.231564245810056
2020,19.748984782064706,1111.2,15.316666666666666,12.857377049180329,23.884972677595627
2021,19.172814766002414,944.8,15.59123287671233,12.007671232876714,23.324931506849317
2022,18.273194305609884,2038.4,15.580494505494507,12.696164383561644,22.7441095890411
2023,19.552449874024333,740.8,16.616438356164384,12.318630136986302,24.604109589041094
