year,averagemwh,rainfall_amount,daily_global_solar_exposure,minimum_temperature,maximum_temperature
2015,8.404639775219298,1742.0,15.418630136986302,11.456629834254144,22.1005540166205
2016,8.96989315696347,1417.8,16.348907103825137,11.848901098901099,23.31472222222222
2017,8.97966215058379,1263.8,15.657967032967033,11.817955801104974,23.23763736263736
2018,9.16124437754065,1093.3,16.165479452054793,11.5,23.177932960893855
2019,10.326191750976562,1045.0,16.66958904109589,11.460932944606414,23.654054054054054
2020,9.449716499143836,1811.9,15.025956284153006,11.248348348348348,21.536129032258064
2021,7.929479996438748,1570.9,15.385753424657535,10.824725274725274,21.922067039106146
2022,8.487808067922627,2058.5,15.41043956043956,11.197527472527472,21.468406593406595
2023,8.166194471537558,954.2,16.662191780821917,10.82409972299169,23.590833333333336
