year,averagemwh,rainfall_amount,daily_global_solar_exposure,minimum_temperature,maximum_temperature
2015,57.28828331447307,1269.4,15.960821917808218,14.916438356164383,23.396164383561644
2016,54.074634767071764,1414.0,16.753005464480875,15.314754098360655,24.12185792349727
2017,51.551944923169884,1019.8,16.43598901098901,14.96510989010989,24.08712328767123
2018,47.46862262133379,944.4,16.792328767123287,14.775068493150684,23.876986301369865
2019,44.03501253981994,907.7,17.14027397260274,14.8375,24.47013698630137
2020,42.26577531017225,1460.8,15.844535519125683,14.774725274725276,23.535792349726776
2021,11.498001744340078,1310.6,15.941917808219179,14.159279778393351,22.815616438356166
2022,37.3980937232985,2536.6,15.882417582417581,14.430939226519337,22.412054794520547
2023,41.38996952221075,901.7,17.038630136986303,14.579338842975208,23.833977900552487
