year,averagemwh,rainfall_amount,daily_global_solar_exposure,minimum_temperature,maximum_temperature
2015,21.77101894708807,1244.0,15.644383561643835,13.021643835616437,23.69013698630137
2016,21.563634408752332,1221.2,16.428688524590164,13.46120218579235,24.539890710382515
2017,22.973269401404362,939.0,16.070604395604395,13.332602739726026,24.47780821917808
2018,22.783196736402893,846.6,16.39205479452055,12.875068493150684,24.231593406593404
2019,20.185032609649124,699.8,16.872876712328768,13.024793388429751,24.939835164835166
2020,20.275589696520015,1207.2,15.283060109289618,13.172950819672131,23.896448087431693
2021,20.12894390049661,1113.6,15.493424657534247,12.477197802197802,23.22857142857143
2022,18.88503239273875,1996.2,15.457142857142856,13.031506849315068,22.725274725274726
2023,19.507246682162535,933.6,16.51698630136986,12.83076923076923,24.403591160220994
